gender,race/ethnicity,parental level of education,lunch,test preparation course,math score,reading score,writing score,math score_bin,reading score_bin,writing score_bin,average_score,performance_level
0,1,1,1,1,72,72,74,Sedang,Sedang,Sedang,72.66666666666667,C
0,2,4,1,0,69,90,88,Sedang,Tinggi,Tinggi,82.33333333333333,B
0,1,3,1,1,90,95,93,Tinggi,Tinggi,Tinggi,92.66666666666667,A
1,0,0,0,1,47,57,44,Rendah,Rendah,Rendah,49.333333333333336,E
1,2,4,1,1,76,78,75,Tinggi,Tinggi,Sedang,76.33333333333333,B
0,1,0,1,1,71,83,78,Sedang,Tinggi,Tinggi,77.33333333333333,B
0,1,4,1,0,88,95,92,Tinggi,Tinggi,Tinggi,91.66666666666667,A
1,1,4,0,1,40,43,39,Rendah,Rendah,Rendah,40.666666666666664,E
1,3,2,0,0,64,64,67,Sedang,Rendah,Sedang,65.0,C
0,1,2,0,1,38,60,50,Rendah,Rendah,Rendah,49.333333333333336,E
1,2,0,1,1,58,54,52,Rendah,Rendah,Rendah,54.666666666666664,D
1,3,0,1,1,40,52,43,Rendah,Rendah,Rendah,45.0,E
0,1,2,1,1,65,81,73,Sedang,Tinggi,Sedang,73.0,C
1,0,4,1,0,78,72,70,Tinggi,Sedang,Sedang,73.33333333333333,C
0,0,3,1,1,50,53,58,Rendah,Rendah,Rendah,53.666666666666664,D
0,2,5,1,1,69,75,78,Sedang,Sedang,Tinggi,74.0,C
1,2,2,1,1,88,89,86,Tinggi,Tinggi,Tinggi,87.66666666666667,A
1,2,3,0,0,46,42,46,Rendah,Rendah,Rendah,44.666666666666664,E
0,2,0,0,1,54,58,61,Rendah,Rendah,Rendah,57.666666666666664,D
1,3,2,1,1,66,69,63,Sedang,Sedang,Sedang,66.0,C
0,1,4,0,0,65,75,70,Sedang,Sedang,Sedang,70.0,C
1,3,4,1,1,44,54,53,Rendah,Rendah,Rendah,50.333333333333336,D
0,2,5,1,1,69,73,73,Sedang,Sedang,Sedang,71.66666666666667,C
1,3,1,0,0,74,71,80,Tinggi,Sedang,Tinggi,75.0,B
1,0,3,0,1,73,74,72,Sedang,Sedang,Sedang,73.0,C
1,1,4,1,1,69,54,55,Sedang,Rendah,Rendah,59.333333333333336,D
0,2,1,1,1,67,69,75,Sedang,Sedang,Sedang,70.33333333333333,C
1,2,2,1,1,70,70,65,Sedang,Sedang,Sedang,68.33333333333333,C
0,3,3,1,1,62,70,75,Sedang,Sedang,Sedang,69.0,C
0,3,4,1,1,69,74,74,Sedang,Sedang,Sedang,72.33333333333333,C
0,1,4,1,1,63,65,61,Sedang,Sedang,Rendah,63.0,C
0,4,3,0,1,56,72,65,Rendah,Sedang,Sedang,64.33333333333333,C
1,3,4,1,1,40,42,38,Rendah,Rendah,Rendah,40.0,E
1,4,4,1,1,97,87,82,Tinggi,Tinggi,Tinggi,88.66666666666667,A
1,4,0,1,0,81,81,79,Tinggi,Tinggi,Tinggi,80.33333333333333,B
0,3,0,1,1,74,81,83,Tinggi,Tinggi,Tinggi,79.33333333333333,B
0,3,5,0,1,50,64,59,Rendah,Rendah,Rendah,57.666666666666664,D
0,3,0,0,0,75,90,88,Tinggi,Tinggi,Tinggi,84.33333333333333,B
1,1,0,0,1,57,56,57,Rendah,Rendah,Rendah,56.666666666666664,D
1,2,0,0,1,55,61,54,Rendah,Rendah,Rendah,56.666666666666664,D
0,2,0,1,1,58,73,68,Rendah,Sedang,Sedang,66.33333333333333,C
0,1,0,1,1,53,58,65,Rendah,Rendah,Sedang,58.666666666666664,D
1,1,4,0,0,59,65,66,Rendah,Sedang,Sedang,63.333333333333336,C
0,4,0,0,1,50,56,54,Rendah,Rendah,Rendah,53.333333333333336,D
1,1,0,1,1,65,54,57,Sedang,Rendah,Rendah,58.666666666666664,D
0,0,0,1,0,55,65,62,Rendah,Sedang,Rendah,60.666666666666664,C
0,2,2,1,1,66,71,76,Sedang,Sedang,Tinggi,71.0,C
0,3,0,0,0,57,74,76,Rendah,Sedang,Tinggi,69.0,C
1,2,2,1,0,82,84,82,Tinggi,Tinggi,Tinggi,82.66666666666667,B
1,4,4,1,1,53,55,48,Rendah,Rendah,Rendah,52.0,D
1,4,0,0,0,77,69,68,Tinggi,Sedang,Sedang,71.33333333333333,C
1,2,4,1,1,53,44,42,Rendah,Rendah,Rendah,46.333333333333336,E
1,3,2,1,1,88,78,75,Tinggi,Tinggi,Sedang,80.33333333333333,B
0,2,5,0,0,71,84,87,Sedang,Tinggi,Tinggi,80.66666666666667,B
0,2,2,0,1,33,41,43,Rendah,Rendah,Rendah,39.0,E
0,4,0,1,0,82,85,86,Tinggi,Tinggi,Tinggi,84.33333333333333,B
1,3,0,1,1,52,55,49,Rendah,Rendah,Rendah,52.0,D
1,3,4,1,0,58,59,58,Rendah,Rendah,Rendah,58.333333333333336,D
1,4,1,0,0,79,74,72,Tinggi,Sedang,Sedang,75.0,B
1,0,5,0,1,39,39,34,Rendah,Rendah,Rendah,37.333333333333336,E
1,0,0,0,1,62,61,55,Sedang,Rendah,Rendah,59.333333333333336,D
0,2,0,1,1,69,80,71,Sedang,Tinggi,Sedang,73.33333333333333,C
0,3,5,1,1,59,58,59,Rendah,Rendah,Rendah,58.666666666666664,D
1,1,5,1,1,67,64,61,Sedang,Rendah,Rendah,64.0,C
1,3,5,0,1,45,37,37,Rendah,Rendah,Rendah,39.666666666666664,E
0,2,4,1,1,60,72,74,Rendah,Sedang,Sedang,68.66666666666667,C
1,1,0,0,1,61,58,56,Rendah,Rendah,Rendah,58.333333333333336,D
0,2,0,1,1,39,64,57,Rendah,Rendah,Rendah,53.333333333333336,D
0,3,4,0,0,58,63,73,Rendah,Rendah,Sedang,64.66666666666667,C
1,3,4,1,0,63,55,63,Sedang,Rendah,Sedang,60.333333333333336,C
0,0,0,0,1,41,51,48,Rendah,Rendah,Rendah,46.666666666666664,E
1,2,5,0,1,61,57,56,Rendah,Rendah,Rendah,58.0,D
1,2,5,1,1,49,49,41,Rendah,Rendah,Rendah,46.333333333333336,E
1,1,0,0,1,44,41,38,Rendah,Rendah,Rendah,41.0,E
1,0,1,1,0,80,78,81,Tinggi,Tinggi,Tinggi,79.66666666666667,B
0,3,5,1,0,61,74,72,Rendah,Sedang,Sedang,69.0,C
0,4,3,1,1,62,68,68,Sedang,Sedang,Sedang,66.0,C
0,1,0,1,1,47,49,50,Rendah,Rendah,Rendah,48.666666666666664,E
1,1,2,0,1,49,45,45,Rendah,Rendah,Rendah,46.333333333333336,E
1,0,4,0,0,50,47,54,Rendah,Rendah,Rendah,50.333333333333336,D
1,4,0,1,1,72,64,63,Sedang,Rendah,Sedang,66.33333333333333,C
1,3,2,0,1,42,39,34,Rendah,Rendah,Rendah,38.333333333333336,E
0,2,4,1,1,73,80,82,Sedang,Tinggi,Tinggi,78.33333333333333,B
0,2,4,0,1,76,83,88,Tinggi,Tinggi,Tinggi,82.33333333333333,B
0,3,0,1,1,71,71,74,Sedang,Sedang,Sedang,72.0,C
0,0,4,1,1,58,70,67,Rendah,Sedang,Sedang,65.0,C
0,3,5,1,1,73,86,82,Sedang,Tinggi,Tinggi,80.33333333333333,B
0,2,1,1,1,65,72,74,Sedang,Sedang,Sedang,70.33333333333333,C
1,2,2,0,1,27,34,36,Rendah,Rendah,Rendah,32.333333333333336,E
1,2,2,1,1,71,79,71,Sedang,Tinggi,Sedang,73.66666666666667,C
1,2,0,0,0,43,45,50,Rendah,Rendah,Rendah,46.0,E
0,1,4,1,1,79,86,92,Tinggi,Tinggi,Tinggi,85.66666666666667,A
1,2,0,0,0,78,81,82,Tinggi,Tinggi,Tinggi,80.33333333333333,B
1,1,5,1,0,65,66,62,Sedang,Sedang,Rendah,64.33333333333333,C
0,4,4,1,0,63,72,70,Sedang,Sedang,Sedang,68.33333333333333,C
0,3,4,0,1,58,67,62,Rendah,Sedang,Rendah,62.333333333333336,C
0,3,1,1,1,65,67,62,Sedang,Sedang,Rendah,64.66666666666667,C
1,1,4,1,1,79,67,67,Tinggi,Sedang,Sedang,71.0,C
1,3,1,1,0,68,74,74,Sedang,Sedang,Sedang,72.0,C
0,3,0,1,1,85,91,89,Tinggi,Tinggi,Tinggi,88.33333333333333,A
1,1,2,1,0,60,44,47,Rendah,Rendah,Rendah,50.333333333333336,D
1,2,4,1,0,98,86,90,Tinggi,Tinggi,Tinggi,91.33333333333333,A
0,2,4,1,1,58,67,72,Rendah,Sedang,Sedang,65.66666666666667,C
0,3,3,1,1,87,100,100,Tinggi,Tinggi,Tinggi,95.66666666666667,A
1,4,0,1,0,66,63,64,Sedang,Rendah,Sedang,64.33333333333333,C
0,1,0,0,1,52,76,70,Rendah,Sedang,Sedang,66.0,C
0,1,5,1,1,70,64,72,Sedang,Rendah,Sedang,68.66666666666667,C
0,3,0,0,0,77,89,98,Tinggi,Tinggi,Tinggi,88.0,A
1,2,2,1,1,62,55,49,Sedang,Rendah,Rendah,55.333333333333336,D
1,0,0,1,1,54,53,47,Rendah,Rendah,Rendah,51.333333333333336,D
0,3,4,1,1,51,58,54,Rendah,Rendah,Rendah,54.333333333333336,D
0,4,1,1,0,99,100,100,Tinggi,Tinggi,Tinggi,99.66666666666667,A
1,2,2,1,1,84,77,74,Tinggi,Tinggi,Sedang,78.33333333333333,B
0,1,1,0,1,75,85,82,Tinggi,Tinggi,Tinggi,80.66666666666667,B
0,3,1,1,1,78,82,79,Tinggi,Tinggi,Tinggi,79.66666666666667,B
0,3,5,1,1,51,63,61,Rendah,Rendah,Rendah,58.333333333333336,D
0,2,4,1,1,55,69,65,Rendah,Sedang,Sedang,63.0,C
0,2,1,1,0,79,92,89,Tinggi,Tinggi,Tinggi,86.66666666666667,A
1,1,0,1,0,91,89,92,Tinggi,Tinggi,Tinggi,90.66666666666667,A
0,2,4,1,0,88,93,93,Tinggi,Tinggi,Tinggi,91.33333333333333,A
1,3,2,0,1,63,57,56,Sedang,Rendah,Rendah,58.666666666666664,D
1,4,4,1,1,83,80,73,Tinggi,Tinggi,Sedang,78.66666666666667,B
0,1,2,1,1,87,95,86,Tinggi,Tinggi,Tinggi,89.33333333333333,A
1,1,5,1,1,72,68,67,Sedang,Sedang,Sedang,69.0,C
1,3,4,1,0,65,77,74,Sedang,Tinggi,Sedang,72.0,C
1,3,3,1,1,82,82,74,Tinggi,Tinggi,Sedang,79.33333333333333,B
0,0,1,1,1,51,49,51,Rendah,Rendah,Rendah,50.333333333333336,D
1,3,3,1,1,89,84,82,Tinggi,Tinggi,Tinggi,85.0,A
1,2,5,0,0,53,37,40,Rendah,Rendah,Rendah,43.333333333333336,E
1,4,4,0,0,87,74,70,Tinggi,Sedang,Sedang,77.0,B
0,2,4,1,0,75,81,84,Tinggi,Tinggi,Tinggi,80.0,B
1,3,1,0,0,74,79,75,Tinggi,Tinggi,Sedang,76.0,B
1,2,1,1,1,58,55,48,Rendah,Rendah,Rendah,53.666666666666664,D
1,1,5,1,0,51,54,41,Rendah,Rendah,Rendah,48.666666666666664,E
1,4,2,1,1,70,55,56,Sedang,Rendah,Rendah,60.333333333333336,C
0,2,0,1,1,59,66,67,Rendah,Sedang,Sedang,64.0,C
1,3,4,1,0,71,61,69,Sedang,Rendah,Sedang,67.0,C
0,3,5,1,1,76,72,71,Tinggi,Sedang,Sedang,73.0,C
0,2,4,0,1,59,62,64,Rendah,Rendah,Sedang,61.666666666666664,C
0,4,4,0,0,42,55,54,Rendah,Rendah,Rendah,50.333333333333336,D
1,0,2,1,1,57,43,47,Rendah,Rendah,Rendah,49.0,E
1,3,4,1,1,88,73,78,Tinggi,Sedang,Tinggi,79.66666666666667,B
1,1,5,1,1,88,84,75,Tinggi,Tinggi,Sedang,82.33333333333333,B
1,2,0,0,1,73,68,66,Sedang,Sedang,Sedang,69.0,C
0,3,1,1,0,68,75,81,Sedang,Sedang,Tinggi,74.66666666666667,C
1,4,0,0,0,100,100,93,Tinggi,Tinggi,Tinggi,97.66666666666667,A
1,0,5,1,0,62,67,69,Sedang,Sedang,Sedang,66.0,C
1,0,1,1,1,77,67,68,Tinggi,Sedang,Sedang,70.66666666666667,C
0,1,0,1,0,59,70,66,Rendah,Sedang,Sedang,65.0,C
1,3,1,1,1,54,49,47,Rendah,Rendah,Rendah,50.0,D
1,3,5,1,1,62,67,61,Sedang,Sedang,Rendah,63.333333333333336,C
0,2,4,1,0,70,89,88,Sedang,Tinggi,Tinggi,82.33333333333333,B
0,4,2,0,0,66,74,78,Sedang,Sedang,Tinggi,72.66666666666667,C
1,1,4,0,1,60,60,60,Rendah,Rendah,Rendah,60.0,C
0,1,0,1,0,61,86,87,Rendah,Tinggi,Tinggi,78.0,B
1,3,0,0,1,66,62,64,Sedang,Rendah,Sedang,64.0,C
1,1,0,0,0,82,78,74,Tinggi,Tinggi,Sedang,78.0,B
0,4,4,0,0,75,88,85,Tinggi,Tinggi,Tinggi,82.66666666666667,B
1,1,3,0,1,49,53,52,Rendah,Rendah,Rendah,51.333333333333336,D
1,2,2,1,1,52,53,49,Rendah,Rendah,Rendah,51.333333333333336,D
0,4,3,1,1,81,92,91,Tinggi,Tinggi,Tinggi,88.0,A
0,2,1,1,0,96,100,100,Tinggi,Tinggi,Tinggi,98.66666666666667,A
1,2,2,0,0,53,51,51,Rendah,Rendah,Rendah,51.666666666666664,D
0,1,3,0,0,58,76,78,Rendah,Sedang,Tinggi,70.66666666666667,C
0,1,2,1,0,68,83,78,Sedang,Tinggi,Tinggi,76.33333333333333,B
0,2,4,0,0,67,75,70,Sedang,Sedang,Sedang,70.66666666666667,C
1,0,2,1,0,72,73,74,Sedang,Sedang,Sedang,73.0,C
1,4,5,1,1,94,88,78,Tinggi,Tinggi,Tinggi,86.66666666666667,A
0,3,4,1,1,79,86,81,Tinggi,Tinggi,Tinggi,82.0,B
0,2,0,1,1,63,67,70,Sedang,Sedang,Sedang,66.66666666666667,C
0,2,1,0,0,43,51,54,Rendah,Rendah,Rendah,49.333333333333336,E
0,2,3,1,0,81,91,87,Tinggi,Tinggi,Tinggi,86.33333333333333,A
0,1,2,0,0,46,54,58,Rendah,Rendah,Rendah,52.666666666666664,D
0,2,0,1,0,71,77,77,Sedang,Tinggi,Tinggi,75.0,B
0,1,3,0,0,52,70,62,Rendah,Sedang,Rendah,61.333333333333336,C
0,3,5,1,0,97,100,100,Tinggi,Tinggi,Tinggi,99.0,A
1,2,3,0,0,62,68,75,Sedang,Sedang,Sedang,68.33333333333333,C
0,2,4,0,1,46,64,66,Rendah,Rendah,Sedang,58.666666666666664,D
0,4,2,1,1,50,50,47,Rendah,Rendah,Rendah,49.0,E
0,3,0,1,1,65,69,70,Sedang,Sedang,Sedang,68.0,C
1,2,5,0,0,45,52,49,Rendah,Rendah,Rendah,48.666666666666664,E
1,2,0,0,0,65,67,65,Sedang,Sedang,Sedang,65.66666666666667,C
1,4,2,1,1,80,76,65,Tinggi,Sedang,Sedang,73.66666666666667,C
1,3,5,1,0,62,66,68,Sedang,Sedang,Sedang,65.33333333333333,C
1,1,5,0,1,48,52,45,Rendah,Rendah,Rendah,48.333333333333336,E
0,2,1,1,1,77,88,87,Tinggi,Tinggi,Tinggi,84.0,B
0,4,0,1,1,66,65,69,Sedang,Sedang,Sedang,66.66666666666667,C
1,3,4,1,0,76,83,79,Tinggi,Tinggi,Tinggi,79.33333333333333,B
0,1,5,1,1,62,64,66,Sedang,Rendah,Sedang,64.0,C
1,3,4,1,0,77,62,62,Tinggi,Rendah,Rendah,67.0,C
0,2,3,1,0,69,84,85,Sedang,Tinggi,Tinggi,79.33333333333333,B
1,3,0,1,1,61,55,52,Rendah,Rendah,Rendah,56.0,D
1,2,5,0,0,59,69,65,Rendah,Sedang,Sedang,64.33333333333333,C
1,4,2,0,1,55,56,51,Rendah,Rendah,Rendah,54.0,D
0,1,4,0,1,45,53,55,Rendah,Rendah,Rendah,51.0,D
0,1,1,0,1,78,79,76,Tinggi,Tinggi,Tinggi,77.66666666666667,B
0,2,0,1,0,67,84,86,Sedang,Tinggi,Tinggi,79.0,B
0,3,4,0,1,65,81,77,Sedang,Tinggi,Tinggi,74.33333333333333,C
1,2,0,1,1,69,77,69,Sedang,Tinggi,Sedang,71.66666666666667,C
0,1,0,1,1,57,69,68,Rendah,Sedang,Sedang,64.66666666666667,C
1,2,4,1,1,59,41,42,Rendah,Rendah,Rendah,47.333333333333336,E
1,3,5,1,0,74,71,78,Tinggi,Sedang,Tinggi,74.33333333333333,C
1,4,1,1,1,82,62,62,Tinggi,Rendah,Rendah,68.66666666666667,C
1,4,2,1,0,81,80,76,Tinggi,Tinggi,Tinggi,79.0,B
0,1,4,0,1,74,81,76,Tinggi,Tinggi,Tinggi,77.0,B
0,1,4,0,1,58,61,66,Rendah,Rendah,Sedang,61.666666666666664,C
1,3,5,0,0,80,79,79,Tinggi,Tinggi,Tinggi,79.33333333333333,B
0,2,2,0,1,42,62,60,Rendah,Rendah,Rendah,54.666666666666664,D
1,2,0,0,0,60,51,56,Rendah,Rendah,Rendah,55.666666666666664,D
1,4,2,1,0,87,91,81,Tinggi,Tinggi,Tinggi,86.33333333333333,A
1,1,5,1,0,84,83,75,Tinggi,Tinggi,Sedang,80.66666666666667,B
0,4,0,0,0,83,86,88,Tinggi,Tinggi,Tinggi,85.66666666666667,A
0,2,2,0,1,34,42,39,Rendah,Rendah,Rendah,38.333333333333336,E
1,1,2,0,1,66,77,70,Sedang,Tinggi,Sedang,71.0,C
1,1,5,1,0,61,56,56,Rendah,Rendah,Rendah,57.666666666666664,D
0,3,2,1,0,56,68,74,Rendah,Sedang,Sedang,66.0,C
1,1,0,1,1,87,85,73,Tinggi,Tinggi,Sedang,81.66666666666667,B
0,2,5,0,1,55,65,62,Rendah,Sedang,Rendah,60.666666666666664,C
1,3,5,1,1,86,80,75,Tinggi,Tinggi,Sedang,80.33333333333333,B
0,1,0,1,0,52,66,73,Rendah,Sedang,Sedang,63.666666666666664,C
0,4,3,0,1,45,56,54,Rendah,Rendah,Rendah,51.666666666666664,D
0,2,4,1,1,72,72,71,Sedang,Sedang,Sedang,71.66666666666667,C
1,3,2,1,1,57,50,54,Rendah,Rendah,Rendah,53.666666666666664,D
1,0,5,0,1,68,72,64,Sedang,Sedang,Sedang,68.0,C
0,2,4,1,0,88,95,94,Tinggi,Tinggi,Tinggi,92.33333333333333,A
1,3,4,1,1,76,64,66,Tinggi,Rendah,Sedang,68.66666666666667,C
1,2,0,1,1,46,43,42,Rendah,Rendah,Rendah,43.666666666666664,E
0,1,1,1,1,67,86,83,Sedang,Tinggi,Tinggi,78.66666666666667,B
1,4,5,1,1,92,87,78,Tinggi,Tinggi,Tinggi,85.66666666666667,A
1,2,1,1,0,83,82,84,Tinggi,Tinggi,Tinggi,83.0,B
1,3,0,1,1,80,75,77,Tinggi,Sedang,Tinggi,77.33333333333333,B
1,3,1,0,1,63,66,67,Sedang,Sedang,Sedang,65.33333333333333,C
0,3,5,1,0,64,60,74,Sedang,Rendah,Sedang,66.0,C
1,1,4,1,1,54,52,51,Rendah,Rendah,Rendah,52.333333333333336,D
1,2,0,1,1,84,80,80,Tinggi,Tinggi,Tinggi,81.33333333333333,B
1,3,2,0,0,73,68,66,Sedang,Sedang,Sedang,69.0,C
0,4,1,1,1,80,83,83,Tinggi,Tinggi,Tinggi,82.0,B
0,3,2,1,1,56,52,55,Rendah,Rendah,Rendah,54.333333333333336,D
1,4,4,1,1,59,51,43,Rendah,Rendah,Rendah,51.0,D
1,3,5,1,1,75,74,69,Tinggi,Sedang,Sedang,72.66666666666667,C
1,2,0,1,1,85,76,71,Tinggi,Sedang,Sedang,77.33333333333333,B
1,4,0,1,1,89,76,74,Tinggi,Sedang,Sedang,79.66666666666667,B
0,1,2,1,0,58,70,68,Rendah,Sedang,Sedang,65.33333333333333,C
0,1,2,1,1,65,64,62,Sedang,Rendah,Rendah,63.666666666666664,C
1,2,2,1,1,68,60,53,Sedang,Rendah,Rendah,60.333333333333336,C
1,0,5,1,0,47,49,49,Rendah,Rendah,Rendah,48.333333333333336,E
0,3,4,0,1,71,83,83,Sedang,Tinggi,Tinggi,79.0,B
0,1,5,1,0,60,70,70,Rendah,Sedang,Sedang,66.66666666666667,C
1,3,3,1,1,80,80,72,Tinggi,Tinggi,Sedang,77.33333333333333,B
1,3,2,1,1,54,52,52,Rendah,Rendah,Rendah,52.666666666666664,D
0,4,4,1,1,62,73,70,Sedang,Sedang,Sedang,68.33333333333333,C
0,2,0,0,1,64,73,68,Sedang,Sedang,Sedang,68.33333333333333,C
1,2,0,1,0,78,77,77,Tinggi,Tinggi,Tinggi,77.33333333333333,B
0,1,4,1,1,70,75,78,Sedang,Sedang,Tinggi,74.33333333333333,C
0,2,3,0,0,65,81,81,Sedang,Tinggi,Tinggi,75.66666666666667,B
0,2,5,0,0,64,79,77,Sedang,Tinggi,Tinggi,73.33333333333333,C
1,2,4,1,0,79,79,78,Tinggi,Tinggi,Tinggi,78.66666666666667,B
0,2,5,0,1,44,50,51,Rendah,Rendah,Rendah,48.333333333333336,E
0,4,2,1,1,99,93,90,Tinggi,Tinggi,Tinggi,94.0,A
1,3,2,1,1,76,73,68,Tinggi,Sedang,Sedang,72.33333333333333,C
1,3,5,0,1,59,42,41,Rendah,Rendah,Rendah,47.333333333333336,E
0,2,1,1,1,63,75,81,Sedang,Sedang,Tinggi,73.0,C
0,3,2,1,1,69,72,77,Sedang,Sedang,Tinggi,72.66666666666667,C
0,3,0,1,0,88,92,95,Tinggi,Tinggi,Tinggi,91.66666666666667,A
0,4,4,0,1,71,76,70,Sedang,Sedang,Sedang,72.33333333333333,C
1,2,1,1,1,69,63,61,Sedang,Rendah,Rendah,64.33333333333333,C
1,2,4,1,1,58,49,42,Rendah,Rendah,Rendah,49.666666666666664,E
0,3,0,0,1,47,53,58,Rendah,Rendah,Rendah,52.666666666666664,D
0,3,4,1,1,65,70,71,Sedang,Sedang,Sedang,68.66666666666667,C
1,1,4,1,0,88,85,76,Tinggi,Tinggi,Tinggi,83.0,B
1,2,1,1,1,83,78,73,Tinggi,Tinggi,Sedang,78.0,B
0,2,5,1,0,85,92,93,Tinggi,Tinggi,Tinggi,90.0,A
0,4,2,1,0,59,63,75,Rendah,Rendah,Sedang,65.66666666666667,C
0,2,5,0,1,65,86,80,Sedang,Tinggi,Tinggi,77.0,B
1,1,1,0,1,73,56,57,Sedang,Rendah,Rendah,62.0,C
1,3,2,1,1,53,52,42,Rendah,Rendah,Rendah,49.0,E
1,3,2,1,1,45,48,46,Rendah,Rendah,Rendah,46.333333333333336,E
0,3,1,0,1,73,79,84,Sedang,Tinggi,Tinggi,78.66666666666667,B
0,3,4,0,0,70,78,78,Sedang,Tinggi,Tinggi,75.33333333333333,B
0,1,5,1,1,37,46,46,Rendah,Rendah,Rendah,43.0,E
1,1,0,1,0,81,82,82,Tinggi,Tinggi,Tinggi,81.66666666666667,B
1,4,0,1,0,97,82,88,Tinggi,Tinggi,Tinggi,89.0,A
0,1,5,1,1,67,89,82,Sedang,Tinggi,Tinggi,79.33333333333333,B
1,1,1,0,1,88,75,76,Tinggi,Sedang,Tinggi,79.66666666666667,B
1,4,5,1,0,77,76,77,Tinggi,Sedang,Tinggi,76.66666666666667,B
1,2,0,1,1,76,70,68,Tinggi,Sedang,Sedang,71.33333333333333,C
1,3,5,1,1,86,73,70,Tinggi,Sedang,Sedang,76.33333333333333,B
1,2,5,1,0,63,60,57,Sedang,Rendah,Rendah,60.0,C
0,4,1,1,1,65,73,75,Sedang,Sedang,Sedang,71.0,C
1,3,2,0,0,78,77,80,Tinggi,Tinggi,Tinggi,78.33333333333333,B
1,1,0,0,1,67,62,60,Sedang,Rendah,Rendah,63.0,C
1,0,5,1,0,46,41,43,Rendah,Rendah,Rendah,43.333333333333336,E
1,4,0,1,0,71,74,68,Sedang,Sedang,Sedang,71.0,C
1,2,2,0,0,40,46,50,Rendah,Rendah,Rendah,45.333333333333336,E
1,3,0,0,1,90,87,75,Tinggi,Tinggi,Sedang,84.0,B
1,0,4,0,0,81,78,81,Tinggi,Tinggi,Tinggi,80.0,B
1,3,5,0,1,56,54,52,Rendah,Rendah,Rendah,54.0,D
0,2,0,1,0,67,84,81,Sedang,Tinggi,Tinggi,77.33333333333333,B
1,1,0,1,1,80,76,64,Tinggi,Sedang,Sedang,73.33333333333333,C
0,2,0,1,0,74,75,83,Tinggi,Sedang,Tinggi,77.33333333333333,B
1,0,4,1,1,69,67,69,Sedang,Sedang,Sedang,68.33333333333333,C
1,4,4,1,0,99,87,81,Tinggi,Tinggi,Tinggi,89.0,A
1,2,5,1,1,51,52,44,Rendah,Rendah,Rendah,49.0,E
0,1,0,0,1,53,71,67,Rendah,Sedang,Sedang,63.666666666666664,C
0,3,2,0,1,49,57,52,Rendah,Rendah,Rendah,52.666666666666664,D
0,1,0,1,1,73,76,80,Sedang,Sedang,Tinggi,76.33333333333333,B
1,1,1,1,1,66,60,57,Sedang,Rendah,Rendah,61.0,C
1,3,1,1,0,67,61,68,Sedang,Rendah,Sedang,65.33333333333333,C
0,2,0,0,0,68,67,69,Sedang,Sedang,Sedang,68.0,C
0,2,1,1,0,59,64,75,Rendah,Rendah,Sedang,66.0,C
1,2,2,1,1,71,66,65,Sedang,Sedang,Sedang,67.33333333333333,C
0,3,3,1,0,77,82,91,Tinggi,Tinggi,Tinggi,83.33333333333333,B
1,2,0,1,1,83,72,78,Tinggi,Sedang,Tinggi,77.66666666666667,B
1,1,1,1,1,63,71,69,Sedang,Sedang,Sedang,67.66666666666667,C
0,3,0,0,1,56,65,63,Rendah,Sedang,Sedang,61.333333333333336,C
0,2,2,0,0,67,79,84,Sedang,Tinggi,Tinggi,76.66666666666667,B
0,4,2,1,1,75,86,79,Tinggi,Tinggi,Tinggi,80.0,B
0,2,4,1,1,71,81,80,Sedang,Tinggi,Tinggi,77.33333333333333,B
0,2,5,0,1,43,53,53,Rendah,Rendah,Rendah,49.666666666666664,E
0,2,2,0,1,41,46,43,Rendah,Rendah,Rendah,43.333333333333336,E
0,2,4,1,1,82,90,94,Tinggi,Tinggi,Tinggi,88.66666666666667,A
1,2,4,1,1,61,61,62,Rendah,Rendah,Rendah,61.333333333333336,C
1,2,0,1,0,82,75,77,Tinggi,Sedang,Tinggi,78.0,B
0,1,5,1,1,41,55,51,Rendah,Rendah,Rendah,49.0,E
1,2,2,1,1,71,60,61,Sedang,Rendah,Rendah,64.0,C
1,2,0,1,1,47,37,35,Rendah,Rendah,Rendah,39.666666666666664,E
1,4,0,1,0,62,56,53,Sedang,Rendah,Rendah,57.0,D
1,1,0,1,1,90,78,81,Tinggi,Tinggi,Tinggi,83.0,B
0,2,1,1,1,83,93,95,Tinggi,Tinggi,Tinggi,90.33333333333333,A
0,1,4,0,1,61,68,66,Rendah,Sedang,Sedang,65.0,C
1,3,5,1,0,76,70,69,Tinggi,Sedang,Sedang,71.66666666666667,C
1,2,0,1,1,49,51,43,Rendah,Rendah,Rendah,47.666666666666664,E
0,3,5,0,0,35,55,60,Rendah,Rendah,Rendah,50.0,D
1,2,2,0,1,58,61,52,Rendah,Rendah,Rendah,57.0,D
0,2,2,1,1,61,73,63,Rendah,Sedang,Sedang,65.66666666666667,C
0,1,2,1,0,69,76,74,Sedang,Sedang,Sedang,73.0,C
1,3,0,1,0,67,72,67,Sedang,Sedang,Sedang,68.66666666666667,C
1,3,4,1,1,79,73,67,Tinggi,Sedang,Sedang,73.0,C
0,2,2,1,1,72,80,75,Sedang,Tinggi,Sedang,75.66666666666667,B
1,1,4,1,1,62,61,57,Sedang,Rendah,Rendah,60.0,C
0,2,1,1,0,77,94,95,Tinggi,Tinggi,Tinggi,88.66666666666667,A
1,3,2,0,1,75,74,66,Tinggi,Sedang,Sedang,71.66666666666667,C
1,4,0,1,1,87,74,76,Tinggi,Sedang,Tinggi,79.0,B
0,1,1,1,1,52,65,69,Rendah,Sedang,Sedang,62.0,C
1,4,4,1,1,66,57,52,Sedang,Rendah,Rendah,58.333333333333336,D
0,2,4,1,0,63,78,80,Sedang,Tinggi,Tinggi,73.66666666666667,C
0,2,0,1,1,46,58,57,Rendah,Rendah,Rendah,53.666666666666664,D
0,2,4,1,1,59,71,70,Rendah,Sedang,Sedang,66.66666666666667,C
0,1,1,1,1,61,72,70,Rendah,Sedang,Sedang,67.66666666666667,C
1,0,0,1,1,63,61,61,Sedang,Rendah,Rendah,61.666666666666664,C
0,2,4,0,0,42,66,69,Rendah,Sedang,Sedang,59.0,D
1,3,4,0,1,59,62,61,Rendah,Rendah,Rendah,60.666666666666664,C
0,3,4,1,1,80,90,89,Tinggi,Tinggi,Tinggi,86.33333333333333,A
0,1,2,1,1,58,62,59,Rendah,Rendah,Rendah,59.666666666666664,D
1,1,5,1,0,85,84,78,Tinggi,Tinggi,Tinggi,82.33333333333333,B
0,2,4,1,1,52,58,58,Rendah,Rendah,Rendah,56.0,D
0,3,5,0,1,27,34,32,Rendah,Rendah,Rendah,31.0,E
1,2,4,1,1,59,60,58,Rendah,Rendah,Rendah,59.0,D
1,0,1,0,0,49,58,60,Rendah,Rendah,Rendah,55.666666666666664,D
1,2,2,1,0,69,58,53,Sedang,Rendah,Rendah,60.0,C
1,2,1,0,1,61,66,61,Rendah,Sedang,Rendah,62.666666666666664,C
0,0,5,0,1,44,64,58,Rendah,Rendah,Rendah,55.333333333333336,D
0,3,5,1,1,73,84,85,Sedang,Tinggi,Tinggi,80.66666666666667,B
1,4,4,1,1,84,77,71,Tinggi,Tinggi,Sedang,77.33333333333333,B
0,2,4,0,0,45,73,70,Rendah,Sedang,Sedang,62.666666666666664,C
1,3,5,1,1,74,74,72,Tinggi,Sedang,Sedang,73.33333333333333,C
0,3,4,1,0,82,97,96,Tinggi,Tinggi,Tinggi,91.66666666666667,A
0,3,1,1,1,59,70,73,Rendah,Sedang,Sedang,67.33333333333333,C
1,4,0,0,1,46,43,41,Rendah,Rendah,Rendah,43.333333333333336,E
0,3,5,1,1,80,90,82,Tinggi,Tinggi,Tinggi,84.0,B
0,3,3,0,0,85,95,100,Tinggi,Tinggi,Tinggi,93.33333333333333,A
0,0,5,1,1,71,83,77,Sedang,Tinggi,Tinggi,77.0,B
1,0,1,1,1,66,64,62,Sedang,Rendah,Rendah,64.0,C
0,1,0,1,1,80,86,83,Tinggi,Tinggi,Tinggi,83.0,B
1,2,0,1,0,87,100,95,Tinggi,Tinggi,Tinggi,94.0,A
1,2,3,0,1,79,81,71,Tinggi,Tinggi,Sedang,77.0,B
0,4,5,0,1,38,49,45,Rendah,Rendah,Rendah,44.0,E
0,0,5,0,1,38,43,43,Rendah,Rendah,Rendah,41.333333333333336,E
0,4,4,1,1,67,76,75,Sedang,Sedang,Sedang,72.66666666666667,C
0,4,1,1,1,64,73,70,Sedang,Sedang,Sedang,69.0,C
0,2,0,0,1,57,78,67,Rendah,Tinggi,Sedang,67.33333333333333,C
0,3,2,1,1,62,64,64,Sedang,Rendah,Sedang,63.333333333333336,C
1,3,3,1,1,73,70,75,Sedang,Sedang,Sedang,72.66666666666667,C
1,4,5,0,0,73,67,59,Sedang,Sedang,Rendah,66.33333333333333,C
0,3,4,1,1,77,68,77,Tinggi,Sedang,Tinggi,74.0,C
1,4,4,1,1,76,67,67,Tinggi,Sedang,Sedang,70.0,C
1,2,0,1,0,57,54,56,Rendah,Rendah,Rendah,55.666666666666664,D
0,2,5,1,0,65,74,77,Sedang,Sedang,Tinggi,72.0,C
1,0,2,0,1,48,45,41,Rendah,Rendah,Rendah,44.666666666666664,E
0,1,2,0,1,50,67,63,Rendah,Sedang,Sedang,60.0,C
0,2,0,1,1,85,89,95,Tinggi,Tinggi,Tinggi,89.66666666666667,A
1,1,5,1,1,74,63,57,Tinggi,Rendah,Rendah,64.66666666666667,C
1,3,5,1,1,60,59,54,Rendah,Rendah,Rendah,57.666666666666664,D
0,2,5,1,0,59,54,67,Rendah,Rendah,Sedang,60.0,C
1,0,4,1,1,53,43,43,Rendah,Rendah,Rendah,46.333333333333336,E
0,0,4,0,1,49,65,55,Rendah,Sedang,Rendah,56.333333333333336,D
0,3,2,1,0,88,99,100,Tinggi,Tinggi,Tinggi,95.66666666666667,A
0,2,2,1,1,54,59,62,Rendah,Rendah,Rendah,58.333333333333336,D
0,2,5,1,1,63,73,68,Sedang,Sedang,Sedang,68.0,C
1,1,0,1,0,65,65,63,Sedang,Sedang,Sedang,64.33333333333333,C
0,1,0,1,1,82,80,77,Tinggi,Tinggi,Tinggi,79.66666666666667,B
0,3,2,0,0,52,57,56,Rendah,Rendah,Rendah,55.0,D
1,3,0,1,0,87,84,85,Tinggi,Tinggi,Tinggi,85.33333333333333,A
0,3,3,1,0,70,71,74,Sedang,Sedang,Sedang,71.66666666666667,C
1,4,4,1,0,84,83,78,Tinggi,Tinggi,Tinggi,81.66666666666667,B
1,3,0,1,1,71,66,60,Sedang,Sedang,Rendah,65.66666666666667,C
1,1,5,1,0,63,67,67,Sedang,Sedang,Sedang,65.66666666666667,C
0,2,1,0,0,51,72,79,Rendah,Sedang,Tinggi,67.33333333333333,C
1,4,2,1,1,84,73,69,Tinggi,Sedang,Sedang,75.33333333333333,B
1,2,1,1,0,71,74,68,Sedang,Sedang,Sedang,71.0,C
1,2,0,1,1,74,73,67,Tinggi,Sedang,Sedang,71.33333333333333,C
1,3,4,1,1,68,59,62,Sedang,Rendah,Rendah,63.0,C
1,4,2,0,0,57,56,54,Rendah,Rendah,Rendah,55.666666666666664,D
0,2,0,0,0,82,93,93,Tinggi,Tinggi,Tinggi,89.33333333333333,A
0,3,2,1,0,57,58,64,Rendah,Rendah,Sedang,59.666666666666664,D
0,3,3,0,0,47,58,67,Rendah,Rendah,Sedang,57.333333333333336,D
0,0,5,1,0,59,85,80,Rendah,Tinggi,Tinggi,74.66666666666667,C
1,1,4,0,1,41,39,34,Rendah,Rendah,Rendah,38.0,E
0,2,4,0,1,62,67,62,Sedang,Sedang,Rendah,63.666666666666664,C
1,2,1,1,1,86,83,86,Tinggi,Tinggi,Tinggi,85.0,A
1,2,5,0,1,69,71,65,Sedang,Sedang,Sedang,68.33333333333333,C
1,0,5,0,1,65,59,53,Sedang,Rendah,Rendah,59.0,D
1,2,5,0,1,68,63,54,Sedang,Rendah,Rendah,61.666666666666664,C
1,2,0,0,1,64,66,59,Sedang,Sedang,Rendah,63.0,C
0,2,2,1,1,61,72,70,Rendah,Sedang,Sedang,67.66666666666667,C
1,2,2,1,1,61,56,55,Rendah,Rendah,Rendah,57.333333333333336,D
0,0,5,0,1,47,59,50,Rendah,Rendah,Rendah,52.0,D
1,2,5,1,1,73,66,66,Sedang,Sedang,Sedang,68.33333333333333,C
1,2,4,0,0,50,48,53,Rendah,Rendah,Rendah,50.333333333333336,D
1,3,0,1,1,75,68,64,Tinggi,Sedang,Sedang,69.0,C
1,3,0,0,1,75,66,73,Tinggi,Sedang,Sedang,71.33333333333333,C
1,2,2,1,1,70,56,51,Sedang,Rendah,Rendah,59.0,D
1,3,5,1,0,89,88,82,Tinggi,Tinggi,Tinggi,86.33333333333333,A
0,2,4,1,0,67,81,79,Sedang,Tinggi,Tinggi,75.66666666666667,B
0,3,2,1,1,78,81,80,Tinggi,Tinggi,Tinggi,79.66666666666667,B
0,0,5,0,1,59,73,69,Rendah,Sedang,Sedang,67.0,C
0,1,0,1,1,73,83,76,Sedang,Tinggi,Tinggi,77.33333333333333,B
1,0,5,0,1,79,82,73,Tinggi,Tinggi,Sedang,78.0,B
0,2,5,1,0,67,74,77,Sedang,Sedang,Tinggi,72.66666666666667,C
1,3,4,0,1,69,66,60,Sedang,Sedang,Rendah,65.0,C
1,2,2,1,0,86,81,80,Tinggi,Tinggi,Tinggi,82.33333333333333,B
1,1,2,1,1,47,46,42,Rendah,Rendah,Rendah,45.0,E
1,1,0,1,1,81,73,72,Tinggi,Sedang,Sedang,75.33333333333333,B
0,2,4,0,0,64,85,85,Sedang,Tinggi,Tinggi,78.0,B
0,4,4,1,1,100,92,97,Tinggi,Tinggi,Tinggi,96.33333333333333,A
0,2,0,0,1,65,77,74,Sedang,Tinggi,Sedang,72.0,C
1,2,4,0,1,65,58,49,Sedang,Rendah,Rendah,57.333333333333336,D
0,2,0,0,1,53,61,62,Rendah,Rendah,Rendah,58.666666666666664,D
1,2,1,0,1,37,56,47,Rendah,Rendah,Rendah,46.666666666666664,E
0,3,1,1,1,79,89,89,Tinggi,Tinggi,Tinggi,85.66666666666667,A
1,3,0,0,1,53,54,48,Rendah,Rendah,Rendah,51.666666666666664,D
0,4,1,1,1,100,100,100,Tinggi,Tinggi,Tinggi,100.0,A
1,1,2,1,0,72,65,68,Sedang,Sedang,Sedang,68.33333333333333,C
1,2,1,0,1,53,58,55,Rendah,Rendah,Rendah,55.333333333333336,D
1,1,4,0,1,54,54,45,Rendah,Rendah,Rendah,51.0,D
0,4,4,1,1,71,70,76,Sedang,Sedang,Tinggi,72.33333333333333,C
0,2,4,0,1,77,90,91,Tinggi,Tinggi,Tinggi,86.0,A
1,0,1,1,0,75,58,62,Tinggi,Rendah,Rendah,65.0,C
0,2,4,1,1,84,87,91,Tinggi,Tinggi,Tinggi,87.33333333333333,A
1,0,2,0,0,72,67,65,Sedang,Sedang,Sedang,68.0,C
0,0,2,0,0,77,88,85,Tinggi,Tinggi,Tinggi,83.33333333333333,B
1,2,4,1,1,91,74,76,Tinggi,Sedang,Tinggi,80.33333333333333,B
0,2,0,1,0,83,85,90,Tinggi,Tinggi,Tinggi,86.0,A
0,2,2,1,1,63,69,74,Sedang,Sedang,Sedang,68.66666666666667,C
0,2,0,1,0,68,86,84,Sedang,Tinggi,Tinggi,79.33333333333333,B
0,3,5,1,1,59,67,61,Rendah,Sedang,Rendah,62.333333333333336,C
0,1,0,1,0,90,90,91,Tinggi,Tinggi,Tinggi,90.33333333333333,A
0,3,1,1,0,71,76,83,Sedang,Sedang,Tinggi,76.66666666666667,B
1,4,1,1,0,76,62,66,Tinggi,Rendah,Sedang,68.0,C
1,3,0,1,1,80,68,72,Tinggi,Sedang,Sedang,73.33333333333333,C
0,3,3,1,1,55,64,70,Rendah,Rendah,Sedang,63.0,C
1,4,0,1,1,76,71,67,Tinggi,Sedang,Sedang,71.33333333333333,C
1,1,2,1,0,73,71,68,Sedang,Sedang,Sedang,70.66666666666667,C
0,3,0,0,1,52,59,56,Rendah,Rendah,Rendah,55.666666666666664,D
1,2,4,0,1,68,68,61,Sedang,Sedang,Rendah,65.66666666666667,C
1,0,2,1,1,59,52,46,Rendah,Rendah,Rendah,52.333333333333336,D
0,1,0,1,1,49,52,54,Rendah,Rendah,Rendah,51.666666666666664,D
1,2,2,1,1,70,74,71,Sedang,Sedang,Sedang,71.66666666666667,C
1,3,4,0,1,61,47,56,Rendah,Rendah,Rendah,54.666666666666664,D
0,2,0,0,1,60,75,74,Rendah,Sedang,Sedang,69.66666666666667,C
1,1,5,1,0,64,53,57,Sedang,Rendah,Rendah,58.0,D
1,0,0,0,0,79,82,82,Tinggi,Tinggi,Tinggi,81.0,B
0,0,0,0,1,65,85,76,Sedang,Tinggi,Tinggi,75.33333333333333,B
0,2,0,1,1,64,64,70,Sedang,Rendah,Sedang,66.0,C
0,2,4,1,1,83,83,90,Tinggi,Tinggi,Tinggi,85.33333333333333,A
0,2,1,1,1,81,88,90,Tinggi,Tinggi,Tinggi,86.33333333333333,A
0,1,2,1,1,54,64,68,Rendah,Rendah,Sedang,62.0,C
1,3,2,1,0,68,64,66,Sedang,Rendah,Sedang,66.0,C
0,2,4,1,1,54,48,52,Rendah,Rendah,Rendah,51.333333333333336,D
0,3,4,0,0,59,78,76,Rendah,Tinggi,Tinggi,71.0,C
0,1,5,1,1,66,69,68,Sedang,Sedang,Sedang,67.66666666666667,C
1,4,4,1,1,76,71,72,Tinggi,Sedang,Sedang,73.0,C
0,3,3,1,1,74,79,82,Tinggi,Tinggi,Tinggi,78.33333333333333,B
0,1,0,1,0,94,87,92,Tinggi,Tinggi,Tinggi,91.0,A
1,2,4,0,1,63,61,54,Sedang,Rendah,Rendah,59.333333333333336,D
0,4,0,1,0,95,89,92,Tinggi,Tinggi,Tinggi,92.0,A
0,3,3,0,1,40,59,54,Rendah,Rendah,Rendah,51.0,D
0,1,5,1,1,82,82,80,Tinggi,Tinggi,Tinggi,81.33333333333333,B
1,0,2,1,1,68,70,66,Sedang,Sedang,Sedang,68.0,C
1,1,1,0,1,55,59,54,Rendah,Rendah,Rendah,56.0,D
1,2,3,1,1,79,78,77,Tinggi,Tinggi,Tinggi,78.0,B
0,2,1,1,1,86,92,87,Tinggi,Tinggi,Tinggi,88.33333333333333,A
1,3,4,1,1,76,71,73,Tinggi,Sedang,Sedang,73.33333333333333,C
1,0,5,1,1,64,50,43,Sedang,Rendah,Rendah,52.333333333333336,D
1,3,5,0,1,62,49,52,Sedang,Rendah,Rendah,54.333333333333336,D
0,1,5,1,0,54,61,62,Rendah,Rendah,Rendah,59.0,D
0,1,3,0,0,77,97,94,Tinggi,Tinggi,Tinggi,89.33333333333333,A
0,2,5,1,0,76,87,85,Tinggi,Tinggi,Tinggi,82.66666666666667,B
0,3,4,1,1,74,89,84,Tinggi,Tinggi,Tinggi,82.33333333333333,B
0,4,4,1,0,66,74,73,Sedang,Sedang,Sedang,71.0,C
0,3,5,1,0,66,78,78,Sedang,Tinggi,Tinggi,74.0,C
0,1,2,0,0,67,78,79,Sedang,Tinggi,Tinggi,74.66666666666667,C
1,3,4,1,1,71,49,52,Sedang,Rendah,Rendah,57.333333333333336,D
0,2,0,1,1,91,86,84,Tinggi,Tinggi,Tinggi,87.0,A
1,3,1,1,1,69,58,57,Sedang,Rendah,Rendah,61.333333333333336,C
1,2,3,0,1,54,59,50,Rendah,Rendah,Rendah,54.333333333333336,D
1,2,2,1,0,53,52,49,Rendah,Rendah,Rendah,51.333333333333336,D
1,4,4,1,1,68,60,59,Sedang,Rendah,Rendah,62.333333333333336,C
1,2,5,0,0,56,61,60,Rendah,Rendah,Rendah,59.0,D
0,2,2,0,1,36,53,43,Rendah,Rendah,Rendah,44.0,E
0,3,1,0,1,29,41,47,Rendah,Rendah,Rendah,39.0,E
0,2,0,1,1,62,74,70,Sedang,Sedang,Sedang,68.66666666666667,C
0,2,0,1,0,68,67,73,Sedang,Sedang,Sedang,69.33333333333333,C
0,2,5,1,1,47,54,53,Rendah,Rendah,Rendah,51.333333333333336,D
1,4,0,1,0,62,61,58,Sedang,Rendah,Rendah,60.333333333333336,C
0,4,0,1,0,79,88,94,Tinggi,Tinggi,Tinggi,87.0,A
1,1,2,1,0,73,69,68,Sedang,Sedang,Sedang,70.0,C
0,2,1,0,0,66,83,83,Sedang,Tinggi,Tinggi,77.33333333333333,B
1,2,0,1,0,51,60,58,Rendah,Rendah,Rendah,56.333333333333336,D
0,3,2,1,1,51,66,62,Rendah,Sedang,Rendah,59.666666666666664,D
1,4,1,1,0,85,66,71,Tinggi,Sedang,Sedang,74.0,C
1,0,0,1,0,97,92,86,Tinggi,Tinggi,Tinggi,91.66666666666667,A
1,2,2,1,0,75,69,68,Tinggi,Sedang,Sedang,70.66666666666667,C
1,3,0,0,0,79,82,80,Tinggi,Tinggi,Tinggi,80.33333333333333,B
0,2,0,1,1,81,77,79,Tinggi,Tinggi,Tinggi,79.0,B
0,3,0,1,1,82,95,89,Tinggi,Tinggi,Tinggi,88.66666666666667,A
0,3,3,1,1,64,63,66,Sedang,Rendah,Sedang,64.33333333333333,C
1,4,5,0,0,78,83,80,Tinggi,Tinggi,Tinggi,80.33333333333333,B
0,0,5,1,0,92,100,97,Tinggi,Tinggi,Tinggi,96.33333333333333,A
1,2,2,1,0,72,67,64,Sedang,Sedang,Sedang,67.66666666666667,C
0,2,2,0,1,62,67,64,Sedang,Sedang,Sedang,64.33333333333333,C
1,2,3,1,1,79,72,69,Tinggi,Sedang,Sedang,73.33333333333333,C
1,2,5,0,1,79,76,65,Tinggi,Sedang,Sedang,73.33333333333333,C
1,1,1,0,0,87,90,88,Tinggi,Tinggi,Tinggi,88.33333333333333,A
0,1,0,1,1,40,48,50,Rendah,Rendah,Rendah,46.0,E
1,3,4,0,1,77,62,64,Tinggi,Rendah,Sedang,67.66666666666667,C
1,4,0,1,1,53,45,40,Rendah,Rendah,Rendah,46.0,E
0,2,4,0,1,32,39,33,Rendah,Rendah,Rendah,34.666666666666664,E
0,2,0,1,0,55,72,79,Rendah,Sedang,Tinggi,68.66666666666667,C
1,2,3,0,1,61,67,66,Rendah,Sedang,Sedang,64.66666666666667,C
0,1,0,0,1,53,70,70,Rendah,Sedang,Sedang,64.33333333333333,C
1,3,5,1,1,73,66,62,Sedang,Sedang,Rendah,67.0,C
0,3,4,1,0,74,75,79,Tinggi,Sedang,Tinggi,76.0,B
0,2,4,1,1,63,74,74,Sedang,Sedang,Sedang,70.33333333333333,C
1,2,1,1,0,96,90,92,Tinggi,Tinggi,Tinggi,92.66666666666667,A
0,3,4,0,0,63,80,80,Sedang,Tinggi,Tinggi,74.33333333333333,C
1,1,1,0,1,48,51,46,Rendah,Rendah,Rendah,48.333333333333336,E
1,1,0,1,1,48,43,45,Rendah,Rendah,Rendah,45.333333333333336,E
0,4,1,0,0,92,100,100,Tinggi,Tinggi,Tinggi,97.33333333333333,A
0,3,3,0,0,61,71,78,Rendah,Sedang,Tinggi,70.0,C
1,1,2,0,1,63,48,47,Sedang,Rendah,Rendah,52.666666666666664,D
1,3,1,0,1,68,68,67,Sedang,Sedang,Sedang,67.66666666666667,C
1,1,4,1,0,71,75,70,Sedang,Sedang,Sedang,72.0,C
1,0,1,1,1,91,96,92,Tinggi,Tinggi,Tinggi,93.0,A
0,2,4,1,1,53,62,56,Rendah,Rendah,Rendah,57.0,D
0,2,2,0,0,50,66,64,Rendah,Sedang,Sedang,60.0,C
0,4,2,1,1,74,81,71,Tinggi,Tinggi,Sedang,75.33333333333333,B
1,0,0,0,0,40,55,53,Rendah,Rendah,Rendah,49.333333333333336,E
1,0,4,1,0,61,51,52,Rendah,Rendah,Rendah,54.666666666666664,D
0,1,2,1,1,81,91,89,Tinggi,Tinggi,Tinggi,87.0,A
0,1,4,0,0,48,56,58,Rendah,Rendah,Rendah,54.0,D
0,3,3,1,1,53,61,68,Rendah,Rendah,Sedang,60.666666666666664,C
0,3,5,1,1,81,97,96,Tinggi,Tinggi,Tinggi,91.33333333333333,A
0,4,5,1,1,77,79,80,Tinggi,Tinggi,Tinggi,78.66666666666667,B
0,3,1,0,1,63,73,78,Sedang,Sedang,Tinggi,71.33333333333333,C
0,3,0,1,0,73,75,80,Sedang,Sedang,Tinggi,76.0,B
0,3,4,1,1,69,77,77,Sedang,Tinggi,Tinggi,74.33333333333333,C
0,2,0,1,1,65,76,76,Sedang,Sedang,Tinggi,72.33333333333333,C
0,0,2,1,1,55,73,73,Rendah,Sedang,Sedang,67.0,C
0,2,1,0,1,44,63,62,Rendah,Rendah,Rendah,56.333333333333336,D
0,2,4,1,1,54,64,65,Rendah,Rendah,Sedang,61.0,C
0,0,5,1,1,48,66,65,Rendah,Sedang,Sedang,59.666666666666664,D
1,2,4,0,1,58,57,54,Rendah,Rendah,Rendah,56.333333333333336,D
1,0,5,1,1,71,62,50,Sedang,Rendah,Rendah,61.0,C
1,4,1,1,1,68,68,64,Sedang,Sedang,Sedang,66.66666666666667,C
0,4,2,1,1,74,76,73,Tinggi,Sedang,Sedang,74.33333333333333,C
0,2,1,1,0,92,100,99,Tinggi,Tinggi,Tinggi,97.0,A
0,2,1,1,0,56,79,72,Rendah,Tinggi,Sedang,69.0,C
1,0,5,1,1,53,54,48,Rendah,Rendah,Rendah,51.666666666666664,D
0,3,2,1,1,69,77,73,Sedang,Tinggi,Sedang,73.0,C
0,3,5,1,1,65,82,81,Sedang,Tinggi,Tinggi,76.0,B
0,3,3,1,1,54,60,63,Rendah,Rendah,Sedang,59.0,D
0,4,4,1,1,76,78,80,Tinggi,Tinggi,Tinggi,78.0,B
1,3,2,0,1,60,57,51,Rendah,Rendah,Rendah,56.0,D
1,3,3,0,0,84,89,90,Tinggi,Tinggi,Tinggi,87.66666666666667,A
1,2,5,1,1,75,72,62,Tinggi,Sedang,Rendah,69.66666666666667,C
0,2,0,1,1,85,84,82,Tinggi,Tinggi,Tinggi,83.66666666666667,B
0,2,3,0,1,40,58,54,Rendah,Rendah,Rendah,50.666666666666664,D
0,4,4,1,1,61,64,62,Rendah,Rendah,Rendah,62.333333333333336,C
0,1,0,1,1,58,63,65,Rendah,Rendah,Sedang,62.0,C
1,3,4,0,0,69,60,63,Sedang,Rendah,Sedang,64.0,C
0,2,4,1,1,58,59,66,Rendah,Rendah,Sedang,61.0,C
1,2,1,1,0,94,90,91,Tinggi,Tinggi,Tinggi,91.66666666666667,A
0,2,0,1,1,65,77,74,Sedang,Tinggi,Sedang,72.0,C
0,0,0,1,1,82,93,93,Tinggi,Tinggi,Tinggi,89.33333333333333,A
0,2,2,1,1,60,68,72,Rendah,Sedang,Sedang,66.66666666666667,C
0,4,1,1,1,37,45,38,Rendah,Rendah,Rendah,40.0,E
1,3,1,1,1,88,78,83,Tinggi,Tinggi,Tinggi,83.0,B
1,3,3,1,1,95,81,84,Tinggi,Tinggi,Tinggi,86.66666666666667,A
1,2,0,0,0,65,73,68,Sedang,Sedang,Sedang,68.66666666666667,C
0,2,2,0,1,35,61,54,Rendah,Rendah,Rendah,50.0,D
1,1,1,0,1,62,63,56,Sedang,Rendah,Rendah,60.333333333333336,C
1,2,2,0,0,58,51,52,Rendah,Rendah,Rendah,53.666666666666664,D
1,0,4,1,0,100,96,86,Tinggi,Tinggi,Tinggi,94.0,A
0,4,1,0,1,61,58,62,Rendah,Rendah,Rendah,60.333333333333336,C
1,3,4,1,0,100,97,99,Tinggi,Tinggi,Tinggi,98.66666666666667,A
1,1,0,0,0,69,70,63,Sedang,Sedang,Sedang,67.33333333333333,C
1,3,0,1,1,61,48,46,Rendah,Rendah,Rendah,51.666666666666664,D
1,3,4,0,1,49,57,46,Rendah,Rendah,Rendah,50.666666666666664,D
0,2,5,1,0,44,51,55,Rendah,Rendah,Rendah,50.0,D
1,3,4,1,1,67,64,70,Sedang,Rendah,Sedang,67.0,C
1,1,2,1,1,79,60,65,Tinggi,Rendah,Sedang,68.0,C
0,1,1,1,0,66,74,81,Sedang,Sedang,Tinggi,73.66666666666667,C
0,2,2,1,1,75,88,85,Tinggi,Tinggi,Tinggi,82.66666666666667,B
1,3,5,1,1,84,84,80,Tinggi,Tinggi,Tinggi,82.66666666666667,B
1,0,2,1,1,71,74,64,Sedang,Sedang,Sedang,69.66666666666667,C
0,1,2,0,0,67,80,81,Sedang,Tinggi,Tinggi,76.0,B
0,3,5,1,0,80,92,88,Tinggi,Tinggi,Tinggi,86.66666666666667,A
1,4,4,1,1,86,76,74,Tinggi,Sedang,Sedang,78.66666666666667,B
0,3,0,1,1,76,74,73,Tinggi,Sedang,Sedang,74.33333333333333,C
1,3,2,1,1,41,52,51,Rendah,Rendah,Rendah,48.0,E
0,3,0,0,0,74,88,90,Tinggi,Tinggi,Tinggi,84.0,B
0,1,5,0,1,72,81,79,Sedang,Tinggi,Tinggi,77.33333333333333,B
0,4,2,1,0,74,79,80,Tinggi,Tinggi,Tinggi,77.66666666666667,B
1,1,2,1,1,70,65,60,Sedang,Sedang,Rendah,65.0,C
0,1,1,1,0,65,81,81,Sedang,Tinggi,Tinggi,75.66666666666667,B
0,3,0,1,1,59,70,65,Rendah,Sedang,Sedang,64.66666666666667,C
0,4,2,0,1,64,62,68,Sedang,Rendah,Sedang,64.66666666666667,C
0,1,2,1,1,50,53,55,Rendah,Rendah,Rendah,52.666666666666664,D
0,3,4,1,0,69,79,81,Sedang,Tinggi,Tinggi,76.33333333333333,B
1,2,5,0,0,51,56,53,Rendah,Rendah,Rendah,53.333333333333336,D
0,0,2,1,0,68,80,76,Sedang,Tinggi,Tinggi,74.66666666666667,C
0,3,4,1,0,85,86,98,Tinggi,Tinggi,Tinggi,89.66666666666667,A
0,0,0,1,0,65,70,74,Sedang,Sedang,Sedang,69.66666666666667,C
0,1,5,1,1,73,79,79,Sedang,Tinggi,Tinggi,77.0,B
0,1,4,1,1,62,67,67,Sedang,Sedang,Sedang,65.33333333333333,C
1,2,0,0,1,77,67,64,Tinggi,Sedang,Sedang,69.33333333333333,C
1,3,5,1,1,69,66,61,Sedang,Sedang,Rendah,65.33333333333333,C
0,3,0,0,1,43,60,58,Rendah,Rendah,Rendah,53.666666666666664,D
1,3,0,1,1,90,87,85,Tinggi,Tinggi,Tinggi,87.33333333333333,A
1,2,4,0,1,74,77,73,Tinggi,Tinggi,Sedang,74.66666666666667,C
1,2,5,1,1,73,66,63,Sedang,Sedang,Sedang,67.33333333333333,C
0,3,4,0,1,55,71,69,Rendah,Sedang,Sedang,65.0,C
0,2,2,1,1,65,69,67,Sedang,Sedang,Sedang,67.0,C
1,3,0,1,1,80,63,63,Tinggi,Rendah,Sedang,68.66666666666667,C
0,2,5,0,0,50,60,60,Rendah,Rendah,Rendah,56.666666666666664,D
0,2,4,0,0,63,73,71,Sedang,Sedang,Sedang,69.0,C
0,1,1,0,1,77,85,87,Tinggi,Tinggi,Tinggi,83.0,B
1,2,4,1,1,73,74,61,Sedang,Sedang,Rendah,69.33333333333333,C
1,3,0,1,0,81,72,77,Tinggi,Sedang,Tinggi,76.66666666666667,B
0,2,2,0,1,66,76,68,Sedang,Sedang,Sedang,70.0,C
1,3,0,0,1,52,57,50,Rendah,Rendah,Rendah,53.0,D
0,2,4,1,1,69,78,76,Sedang,Tinggi,Tinggi,74.33333333333333,C
0,2,0,1,0,65,84,84,Sedang,Tinggi,Tinggi,77.66666666666667,B
0,3,2,1,0,69,77,78,Sedang,Tinggi,Tinggi,74.66666666666667,C
0,1,4,1,0,50,64,66,Rendah,Rendah,Sedang,60.0,C
0,4,4,1,0,73,78,76,Sedang,Tinggi,Tinggi,75.66666666666667,B
0,2,5,1,0,70,82,76,Sedang,Tinggi,Tinggi,76.0,B
1,3,0,0,1,81,75,78,Tinggi,Sedang,Tinggi,78.0,B
1,3,4,0,1,63,61,60,Sedang,Rendah,Rendah,61.333333333333336,C
0,3,2,1,1,67,72,74,Sedang,Sedang,Sedang,71.0,C
1,1,2,1,1,60,68,60,Rendah,Sedang,Rendah,62.666666666666664,C
1,1,2,1,1,62,55,54,Sedang,Rendah,Rendah,57.0,D
0,2,5,0,0,29,40,44,Rendah,Rendah,Rendah,37.666666666666664,E
1,1,4,1,0,62,66,68,Sedang,Sedang,Sedang,65.33333333333333,C
0,4,3,1,0,94,99,100,Tinggi,Tinggi,Tinggi,97.66666666666667,A
1,4,4,1,0,85,75,68,Tinggi,Sedang,Sedang,76.0,B
1,3,0,0,1,77,78,73,Tinggi,Tinggi,Sedang,76.0,B
1,0,2,0,1,53,58,44,Rendah,Rendah,Rendah,51.666666666666664,D
1,4,4,0,1,93,90,83,Tinggi,Tinggi,Tinggi,88.66666666666667,A
0,2,0,1,1,49,53,53,Rendah,Rendah,Rendah,51.666666666666664,D
0,4,0,0,1,73,76,78,Sedang,Sedang,Tinggi,75.66666666666667,B
0,2,1,0,0,66,74,81,Sedang,Sedang,Tinggi,73.66666666666667,C
0,3,0,1,1,77,77,73,Tinggi,Tinggi,Sedang,75.66666666666667,B
0,2,5,1,1,49,63,56,Rendah,Rendah,Rendah,56.0,D
0,3,4,0,1,79,89,86,Tinggi,Tinggi,Tinggi,84.66666666666667,B
0,2,0,1,0,75,82,90,Tinggi,Tinggi,Tinggi,82.33333333333333,B
0,0,1,1,1,59,72,70,Rendah,Sedang,Sedang,67.0,C
0,3,0,1,0,57,78,79,Rendah,Tinggi,Tinggi,71.33333333333333,C
1,2,2,0,1,66,66,59,Sedang,Sedang,Rendah,63.666666666666664,C
0,4,1,1,0,79,81,82,Tinggi,Tinggi,Tinggi,80.66666666666667,B
0,1,5,1,1,57,67,72,Rendah,Sedang,Sedang,65.33333333333333,C
1,0,1,1,0,87,84,87,Tinggi,Tinggi,Tinggi,86.0,A
0,3,4,1,1,63,64,67,Sedang,Rendah,Sedang,64.66666666666667,C
0,1,5,0,0,59,63,64,Rendah,Rendah,Sedang,62.0,C
1,0,1,0,1,62,72,65,Sedang,Sedang,Sedang,66.33333333333333,C
1,3,2,1,1,46,34,36,Rendah,Rendah,Rendah,38.666666666666664,E
1,2,4,1,1,66,59,52,Sedang,Rendah,Rendah,59.0,D
1,3,2,1,1,89,87,79,Tinggi,Tinggi,Tinggi,85.0,A
0,3,0,0,0,42,61,58,Rendah,Rendah,Rendah,53.666666666666664,D
1,2,4,1,0,93,84,90,Tinggi,Tinggi,Tinggi,89.0,A
0,4,5,1,0,80,85,85,Tinggi,Tinggi,Tinggi,83.33333333333333,B
0,3,4,1,1,98,100,99,Tinggi,Tinggi,Tinggi,99.0,A
1,3,3,1,1,81,81,84,Tinggi,Tinggi,Tinggi,82.0,B
0,1,5,1,0,60,70,74,Rendah,Sedang,Sedang,68.0,C
0,1,0,0,0,76,94,87,Tinggi,Tinggi,Tinggi,85.66666666666667,A
1,2,0,1,0,73,78,72,Sedang,Tinggi,Sedang,74.33333333333333,C
0,2,0,1,0,96,96,99,Tinggi,Tinggi,Tinggi,97.0,A
0,2,2,1,1,76,76,74,Tinggi,Sedang,Sedang,75.33333333333333,B
1,4,0,0,0,91,73,80,Tinggi,Sedang,Tinggi,81.33333333333333,B
0,2,4,0,1,62,72,70,Sedang,Sedang,Sedang,68.0,C
1,3,5,0,0,55,59,59,Rendah,Rendah,Rendah,57.666666666666664,D
0,1,5,0,0,74,90,88,Tinggi,Tinggi,Tinggi,84.0,B
1,2,2,1,1,50,48,42,Rendah,Rendah,Rendah,46.666666666666664,E
1,1,4,1,1,47,43,41,Rendah,Rendah,Rendah,43.666666666666664,E
1,4,4,1,0,81,74,71,Tinggi,Sedang,Sedang,75.33333333333333,B
0,4,0,1,0,65,75,77,Sedang,Sedang,Tinggi,72.33333333333333,C
1,4,5,1,0,68,51,57,Sedang,Rendah,Rendah,58.666666666666664,D
0,3,2,0,1,73,92,84,Sedang,Tinggi,Tinggi,83.0,B
1,2,4,1,1,53,39,37,Rendah,Rendah,Rendah,43.0,E
0,1,0,0,0,68,77,80,Sedang,Tinggi,Tinggi,75.0,B
1,0,5,0,1,55,46,43,Rendah,Rendah,Rendah,48.0,E
0,2,4,1,0,87,89,94,Tinggi,Tinggi,Tinggi,90.0,A
1,3,5,1,1,55,47,44,Rendah,Rendah,Rendah,48.666666666666664,E
0,4,4,0,1,53,58,57,Rendah,Rendah,Rendah,56.0,D
1,2,3,1,1,67,57,59,Sedang,Rendah,Rendah,61.0,C
1,2,0,1,1,92,79,84,Tinggi,Tinggi,Tinggi,85.0,A
0,1,4,0,0,53,66,73,Rendah,Sedang,Sedang,64.0,C
1,3,0,1,1,81,71,73,Tinggi,Sedang,Sedang,75.0,B
1,2,2,0,1,61,60,55,Rendah,Rendah,Rendah,58.666666666666664,D
1,3,1,1,1,80,73,72,Tinggi,Sedang,Sedang,75.0,B
0,0,0,0,1,37,57,56,Rendah,Rendah,Rendah,50.0,D
0,2,2,1,1,81,84,82,Tinggi,Tinggi,Tinggi,82.33333333333333,B
0,2,0,1,0,59,73,72,Rendah,Sedang,Sedang,68.0,C
1,1,4,0,1,55,55,47,Rendah,Rendah,Rendah,52.333333333333336,D
1,3,0,1,1,72,79,74,Sedang,Tinggi,Sedang,75.0,B
1,3,2,1,1,69,75,71,Sedang,Sedang,Sedang,71.66666666666667,C
1,2,4,1,1,69,64,68,Sedang,Rendah,Sedang,67.0,C
0,2,1,0,1,50,60,59,Rendah,Rendah,Rendah,56.333333333333336,D
1,1,4,1,0,87,84,86,Tinggi,Tinggi,Tinggi,85.66666666666667,A
1,3,5,1,0,71,69,68,Sedang,Sedang,Sedang,69.33333333333333,C
1,4,4,1,1,68,72,65,Sedang,Sedang,Sedang,68.33333333333333,C
1,2,3,0,0,79,77,75,Tinggi,Tinggi,Sedang,77.0,B
0,2,5,1,0,77,90,85,Tinggi,Tinggi,Tinggi,84.0,B
1,2,0,0,1,58,55,53,Rendah,Rendah,Rendah,55.333333333333336,D
0,4,0,1,1,84,95,92,Tinggi,Tinggi,Tinggi,90.33333333333333,A
1,3,4,1,1,55,58,52,Rendah,Rendah,Rendah,55.0,D
1,4,1,0,0,70,68,72,Sedang,Sedang,Sedang,70.0,C
0,3,4,0,0,52,59,65,Rendah,Rendah,Sedang,58.666666666666664,D
1,1,4,1,0,69,77,77,Sedang,Tinggi,Tinggi,74.33333333333333,C
0,2,2,0,1,53,72,64,Rendah,Sedang,Sedang,63.0,C
0,3,5,1,1,48,58,54,Rendah,Rendah,Rendah,53.333333333333336,D
1,3,5,1,0,78,81,86,Tinggi,Tinggi,Tinggi,81.66666666666667,B
0,1,2,1,1,62,62,63,Sedang,Rendah,Sedang,62.333333333333336,C
1,3,4,1,1,60,63,59,Rendah,Rendah,Rendah,60.666666666666664,C
0,1,2,1,1,74,72,72,Tinggi,Sedang,Sedang,72.66666666666667,C
0,2,2,1,0,58,75,77,Rendah,Sedang,Tinggi,70.0,C
1,1,2,1,0,76,62,60,Tinggi,Rendah,Rendah,66.0,C
0,3,5,1,1,68,71,75,Sedang,Sedang,Sedang,71.33333333333333,C
1,0,4,0,1,58,60,57,Rendah,Rendah,Rendah,58.333333333333336,D
1,1,2,1,1,52,48,49,Rendah,Rendah,Rendah,49.666666666666664,E
1,3,1,1,1,75,73,74,Tinggi,Sedang,Sedang,74.0,C
0,1,5,0,0,52,67,72,Rendah,Sedang,Sedang,63.666666666666664,C
0,2,1,0,1,62,78,79,Sedang,Tinggi,Tinggi,73.0,C
1,1,4,1,1,66,65,60,Sedang,Sedang,Rendah,63.666666666666664,C
0,1,5,0,1,49,58,55,Rendah,Rendah,Rendah,54.0,D
0,1,2,1,1,66,72,70,Sedang,Sedang,Sedang,69.33333333333333,C
0,2,4,0,1,35,44,43,Rendah,Rendah,Rendah,40.666666666666664,E
0,0,4,1,0,72,79,82,Sedang,Tinggi,Tinggi,77.66666666666667,B
1,4,0,1,0,94,85,82,Tinggi,Tinggi,Tinggi,87.0,A
0,3,0,0,1,46,56,57,Rendah,Rendah,Rendah,53.0,D
0,1,3,1,1,77,90,84,Tinggi,Tinggi,Tinggi,83.66666666666667,B
0,1,2,0,0,76,85,82,Tinggi,Tinggi,Tinggi,81.0,B
0,2,0,1,0,52,59,62,Rendah,Rendah,Rendah,57.666666666666664,D
1,2,1,1,0,91,81,79,Tinggi,Tinggi,Tinggi,83.66666666666667,B
0,1,5,1,0,32,51,44,Rendah,Rendah,Rendah,42.333333333333336,E
0,4,5,0,1,72,79,77,Sedang,Tinggi,Tinggi,76.0,B
1,2,0,0,1,68,65,61,Sedang,Sedang,Rendah,64.66666666666667,C
0,2,3,0,1,52,65,61,Rendah,Sedang,Rendah,59.333333333333336,D
0,1,2,1,1,48,62,60,Rendah,Rendah,Rendah,56.666666666666664,D
0,3,4,0,1,60,66,70,Rendah,Sedang,Sedang,65.33333333333333,C
1,3,2,0,1,66,74,69,Sedang,Sedang,Sedang,69.66666666666667,C
1,4,5,1,0,89,84,77,Tinggi,Tinggi,Tinggi,83.33333333333333,B
0,1,2,1,1,42,52,51,Rendah,Rendah,Rendah,48.333333333333336,E
0,4,0,0,0,57,68,73,Rendah,Sedang,Sedang,66.0,C
1,3,2,1,1,70,70,70,Sedang,Sedang,Sedang,70.0,C
0,4,0,0,1,70,84,81,Sedang,Tinggi,Tinggi,78.33333333333333,B
1,4,4,1,1,69,60,54,Sedang,Rendah,Rendah,61.0,C
0,2,0,1,1,52,55,57,Rendah,Rendah,Rendah,54.666666666666664,D
1,2,5,1,0,67,73,68,Sedang,Sedang,Sedang,69.33333333333333,C
1,2,5,1,0,76,80,73,Tinggi,Tinggi,Sedang,76.33333333333333,B
0,4,0,1,1,87,94,95,Tinggi,Tinggi,Tinggi,92.0,A
0,1,4,1,1,82,85,87,Tinggi,Tinggi,Tinggi,84.66666666666667,B
0,2,4,1,1,73,76,78,Sedang,Sedang,Tinggi,75.66666666666667,B
1,0,4,0,1,75,81,74,Tinggi,Tinggi,Sedang,76.66666666666667,B
0,3,4,0,1,64,74,75,Sedang,Sedang,Sedang,71.0,C
0,4,2,0,1,41,45,40,Rendah,Rendah,Rendah,42.0,E
1,2,2,1,1,90,75,69,Tinggi,Sedang,Sedang,78.0,B
1,1,1,1,1,59,54,51,Rendah,Rendah,Rendah,54.666666666666664,D
1,0,5,1,1,51,31,36,Rendah,Rendah,Rendah,39.333333333333336,E
1,0,2,0,1,45,47,49,Rendah,Rendah,Rendah,47.0,E
0,2,3,1,0,54,64,67,Rendah,Rendah,Sedang,61.666666666666664,C
1,4,5,1,0,87,84,76,Tinggi,Tinggi,Tinggi,82.33333333333333,B
0,2,2,1,1,72,80,83,Sedang,Tinggi,Tinggi,78.33333333333333,B
1,1,5,1,0,94,86,87,Tinggi,Tinggi,Tinggi,89.0,A
0,0,1,1,1,45,59,64,Rendah,Rendah,Sedang,56.0,D
1,3,1,0,0,61,70,76,Rendah,Sedang,Tinggi,69.0,C
0,1,2,0,1,60,72,68,Rendah,Sedang,Sedang,66.66666666666667,C
0,2,5,1,1,77,91,88,Tinggi,Tinggi,Tinggi,85.33333333333333,A
0,0,5,1,0,85,90,92,Tinggi,Tinggi,Tinggi,89.0,A
0,3,1,0,1,78,90,93,Tinggi,Tinggi,Tinggi,87.0,A
1,4,4,0,0,49,52,51,Rendah,Rendah,Rendah,50.666666666666664,D
0,1,2,0,1,71,87,82,Sedang,Tinggi,Tinggi,80.0,B
0,2,5,0,1,48,58,52,Rendah,Rendah,Rendah,52.666666666666664,D
1,2,2,1,1,62,67,58,Sedang,Sedang,Rendah,62.333333333333336,C
0,2,0,0,0,56,68,70,Rendah,Sedang,Sedang,64.66666666666667,C
0,2,5,1,1,65,69,76,Sedang,Sedang,Tinggi,70.0,C
0,3,5,0,0,69,86,81,Sedang,Tinggi,Tinggi,78.66666666666667,B
1,1,5,1,1,68,54,53,Sedang,Rendah,Rendah,58.333333333333336,D
0,0,4,0,1,61,60,57,Rendah,Rendah,Rendah,59.333333333333336,D
0,2,1,0,0,74,86,89,Tinggi,Tinggi,Tinggi,83.0,B
1,0,1,1,1,64,60,58,Sedang,Rendah,Rendah,60.666666666666664,C
0,1,2,1,0,77,82,89,Tinggi,Tinggi,Tinggi,82.66666666666667,B
1,1,4,1,1,58,50,45,Rendah,Rendah,Rendah,51.0,D
0,2,2,1,0,60,64,74,Rendah,Rendah,Sedang,66.0,C
1,4,2,1,1,73,64,57,Sedang,Rendah,Rendah,64.66666666666667,C
0,0,2,1,0,75,82,79,Tinggi,Tinggi,Tinggi,78.66666666666667,B
1,1,0,0,0,58,57,53,Rendah,Rendah,Rendah,56.0,D
0,2,0,1,1,66,77,73,Sedang,Tinggi,Sedang,72.0,C
0,3,2,0,1,39,52,46,Rendah,Rendah,Rendah,45.666666666666664,E
1,2,5,1,1,64,58,51,Sedang,Rendah,Rendah,57.666666666666664,D
1,1,4,0,0,74,77,76,Tinggi,Tinggi,Tinggi,75.66666666666667,B
0,3,5,0,0,40,65,64,Rendah,Sedang,Sedang,56.333333333333336,D
1,4,3,1,1,90,85,84,Tinggi,Tinggi,Tinggi,86.33333333333333,A
1,2,3,1,0,91,85,85,Tinggi,Tinggi,Tinggi,87.0,A
1,3,2,1,1,64,54,50,Sedang,Rendah,Rendah,56.0,D
0,2,2,1,1,59,72,68,Rendah,Sedang,Sedang,66.33333333333333,C
1,3,0,1,1,80,75,69,Tinggi,Sedang,Sedang,74.66666666666667,C
1,2,3,1,1,71,67,67,Sedang,Sedang,Sedang,68.33333333333333,C
0,0,2,1,1,61,68,63,Rendah,Sedang,Sedang,64.0,C
0,4,4,1,1,87,85,93,Tinggi,Tinggi,Tinggi,88.33333333333333,A
1,4,5,1,1,82,67,61,Tinggi,Sedang,Rendah,70.0,C
1,2,5,1,1,62,64,55,Sedang,Rendah,Rendah,60.333333333333336,C
0,1,1,1,1,97,97,96,Tinggi,Tinggi,Tinggi,96.66666666666667,A
1,1,4,0,1,75,68,65,Tinggi,Sedang,Sedang,69.33333333333333,C
0,2,1,1,1,65,79,81,Sedang,Tinggi,Tinggi,75.0,B
1,1,2,1,0,52,49,46,Rendah,Rendah,Rendah,49.0,E
1,2,0,0,1,87,73,72,Tinggi,Sedang,Sedang,77.33333333333333,B
0,2,0,1,1,53,62,53,Rendah,Rendah,Rendah,56.0,D
0,4,3,0,1,81,86,87,Tinggi,Tinggi,Tinggi,84.66666666666667,B
1,3,1,0,0,39,42,38,Rendah,Rendah,Rendah,39.666666666666664,E
0,2,4,1,0,71,71,80,Sedang,Sedang,Tinggi,74.0,C
1,2,0,1,1,97,93,91,Tinggi,Tinggi,Tinggi,93.66666666666667,A
1,3,4,1,0,82,82,88,Tinggi,Tinggi,Tinggi,84.0,B
1,2,2,0,1,59,53,52,Rendah,Rendah,Rendah,54.666666666666664,D
1,1,0,1,1,61,42,41,Rendah,Rendah,Rendah,48.0,E
1,4,0,0,0,78,74,72,Tinggi,Sedang,Sedang,74.66666666666667,C
1,2,0,0,1,49,51,51,Rendah,Rendah,Rendah,50.333333333333336,D
1,1,2,1,1,59,58,47,Rendah,Rendah,Rendah,54.666666666666664,D
0,2,4,1,0,70,72,76,Sedang,Sedang,Tinggi,72.66666666666667,C
1,1,0,1,0,82,84,78,Tinggi,Tinggi,Tinggi,81.33333333333333,B
1,4,0,0,1,90,90,82,Tinggi,Tinggi,Tinggi,87.33333333333333,A
0,2,1,0,1,43,62,61,Rendah,Rendah,Rendah,55.333333333333336,D
1,2,4,0,1,80,64,66,Tinggi,Rendah,Sedang,70.0,C
1,3,4,1,1,81,82,84,Tinggi,Tinggi,Tinggi,82.33333333333333,B
1,2,5,1,1,57,61,54,Rendah,Rendah,Rendah,57.333333333333336,D
0,3,5,1,1,59,72,80,Rendah,Sedang,Tinggi,70.33333333333333,C
0,3,0,1,1,64,76,74,Sedang,Sedang,Sedang,71.33333333333333,C
1,2,1,1,0,63,64,66,Sedang,Rendah,Sedang,64.33333333333333,C
0,4,1,1,0,71,70,70,Sedang,Sedang,Sedang,70.33333333333333,C
0,1,2,0,1,64,73,71,Sedang,Sedang,Sedang,69.33333333333333,C
1,3,1,0,1,55,46,44,Rendah,Rendah,Rendah,48.333333333333336,E
0,4,0,1,1,51,51,54,Rendah,Rendah,Rendah,52.0,D
0,2,0,1,0,62,76,80,Sedang,Sedang,Tinggi,72.66666666666667,C
0,4,0,1,0,93,100,95,Tinggi,Tinggi,Tinggi,96.0,A
1,2,2,0,1,54,72,59,Rendah,Sedang,Rendah,61.666666666666664,C
0,3,4,0,1,69,65,74,Sedang,Sedang,Sedang,69.33333333333333,C
1,3,2,0,1,44,51,48,Rendah,Rendah,Rendah,47.666666666666664,E
0,4,4,1,0,86,85,91,Tinggi,Tinggi,Tinggi,87.33333333333333,A
0,4,0,1,1,85,92,85,Tinggi,Tinggi,Tinggi,87.33333333333333,A
0,0,3,0,1,50,67,73,Rendah,Sedang,Sedang,63.333333333333336,C
1,3,5,1,0,88,74,75,Tinggi,Sedang,Sedang,79.0,B
0,4,0,1,1,59,62,69,Rendah,Rendah,Sedang,63.333333333333336,C
0,4,5,0,1,32,34,38,Rendah,Rendah,Rendah,34.666666666666664,E
0,1,5,0,0,63,78,79,Sedang,Tinggi,Tinggi,73.33333333333333,C
1,3,0,1,0,67,54,63,Sedang,Rendah,Sedang,61.333333333333336,C
0,3,5,1,0,65,78,82,Sedang,Tinggi,Tinggi,75.0,B
1,3,3,1,1,85,84,89,Tinggi,Tinggi,Tinggi,86.0,A
0,2,3,1,1,73,78,74,Sedang,Tinggi,Sedang,75.0,B
0,0,2,0,0,34,48,41,Rendah,Rendah,Rendah,41.0,E
0,3,1,0,0,93,100,100,Tinggi,Tinggi,Tinggi,97.66666666666667,A
0,3,5,0,1,67,84,84,Sedang,Tinggi,Tinggi,78.33333333333333,B
1,3,4,1,1,88,77,77,Tinggi,Tinggi,Tinggi,80.66666666666667,B
1,1,2,1,1,57,48,51,Rendah,Rendah,Rendah,52.0,D
0,3,4,1,0,79,84,91,Tinggi,Tinggi,Tinggi,84.66666666666667,B
0,2,1,0,1,67,75,72,Sedang,Sedang,Sedang,71.33333333333333,C
1,4,1,1,0,70,64,70,Sedang,Rendah,Sedang,68.0,C
1,3,1,0,1,50,42,48,Rendah,Rendah,Rendah,46.666666666666664,E
0,0,4,1,1,69,84,82,Sedang,Tinggi,Tinggi,78.33333333333333,B
0,2,1,1,0,52,61,66,Rendah,Rendah,Sedang,59.666666666666664,D
0,2,1,0,0,47,62,66,Rendah,Rendah,Sedang,58.333333333333336,D
0,1,0,0,1,46,61,55,Rendah,Rendah,Rendah,54.0,D
0,4,4,1,1,68,70,66,Sedang,Sedang,Sedang,68.0,C
1,4,1,1,0,100,100,100,Tinggi,Tinggi,Tinggi,100.0,A
0,2,2,1,1,44,61,52,Rendah,Rendah,Rendah,52.333333333333336,D
0,2,0,1,0,57,77,80,Rendah,Tinggi,Tinggi,71.33333333333333,C
1,1,4,1,0,91,96,91,Tinggi,Tinggi,Tinggi,92.66666666666667,A
1,3,2,0,1,69,70,67,Sedang,Sedang,Sedang,68.66666666666667,C
0,2,2,0,1,35,53,46,Rendah,Rendah,Rendah,44.666666666666664,E
1,3,2,1,1,72,66,66,Sedang,Sedang,Sedang,68.0,C
0,1,0,0,1,54,65,65,Rendah,Sedang,Sedang,61.333333333333336,C
1,3,2,0,1,74,70,69,Tinggi,Sedang,Sedang,71.0,C
1,4,5,1,0,74,64,60,Tinggi,Rendah,Rendah,66.0,C
1,4,0,0,1,64,56,52,Sedang,Rendah,Rendah,57.333333333333336,D
0,3,2,0,0,65,61,71,Sedang,Rendah,Sedang,65.66666666666667,C
1,4,0,0,0,46,43,44,Rendah,Rendah,Rendah,44.333333333333336,E
0,2,5,0,1,48,56,51,Rendah,Rendah,Rendah,51.666666666666664,D
1,2,4,0,0,67,74,70,Sedang,Sedang,Sedang,70.33333333333333,C
1,3,4,0,1,62,57,62,Sedang,Rendah,Rendah,60.333333333333336,C
1,3,0,0,0,61,71,73,Rendah,Sedang,Sedang,68.33333333333333,C
1,2,1,0,0,70,75,74,Sedang,Sedang,Sedang,73.0,C
1,2,0,1,0,98,87,90,Tinggi,Tinggi,Tinggi,91.66666666666667,A
1,3,4,0,1,70,63,58,Sedang,Rendah,Rendah,63.666666666666664,C
1,0,0,1,1,67,57,53,Sedang,Rendah,Rendah,59.0,D
0,4,2,0,1,57,58,57,Rendah,Rendah,Rendah,57.333333333333336,D
1,3,4,1,0,85,81,85,Tinggi,Tinggi,Tinggi,83.66666666666667,B
1,3,5,1,0,77,68,69,Tinggi,Sedang,Sedang,71.33333333333333,C
1,2,3,0,0,72,66,72,Sedang,Sedang,Sedang,70.0,C
0,3,3,1,1,78,91,96,Tinggi,Tinggi,Tinggi,88.33333333333333,A
1,2,2,1,1,81,66,64,Tinggi,Sedang,Sedang,70.33333333333333,C
1,0,5,0,0,61,62,61,Rendah,Rendah,Rendah,61.333333333333336,C
0,1,2,1,1,58,68,61,Rendah,Sedang,Rendah,62.333333333333336,C
0,2,0,1,1,54,61,58,Rendah,Rendah,Rendah,57.666666666666664,D
1,1,2,1,1,82,82,80,Tinggi,Tinggi,Tinggi,81.33333333333333,B
0,3,4,0,1,49,58,60,Rendah,Rendah,Rendah,55.666666666666664,D
1,1,5,0,0,49,50,52,Rendah,Rendah,Rendah,50.333333333333336,D
0,4,2,0,0,57,75,73,Rendah,Sedang,Sedang,68.33333333333333,C
1,4,2,1,1,94,73,71,Tinggi,Sedang,Sedang,79.33333333333333,B
0,3,4,1,0,75,77,83,Tinggi,Tinggi,Tinggi,78.33333333333333,B
0,4,5,0,1,74,74,72,Tinggi,Sedang,Sedang,73.33333333333333,C
1,2,2,1,0,58,52,54,Rendah,Rendah,Rendah,54.666666666666664,D
0,2,4,1,1,62,69,69,Sedang,Sedang,Sedang,66.66666666666667,C
1,4,0,1,1,72,57,62,Sedang,Rendah,Rendah,63.666666666666664,C
1,2,4,1,1,84,87,81,Tinggi,Tinggi,Tinggi,84.0,B
0,3,3,1,1,92,100,100,Tinggi,Tinggi,Tinggi,97.33333333333333,A
0,3,2,1,1,45,63,59,Rendah,Rendah,Rendah,55.666666666666664,D
1,2,2,1,1,75,81,71,Tinggi,Tinggi,Sedang,75.66666666666667,B
0,0,4,1,1,56,58,64,Rendah,Rendah,Sedang,59.333333333333336,D
0,3,5,0,1,48,54,53,Rendah,Rendah,Rendah,51.666666666666664,D
0,4,0,1,1,100,100,100,Tinggi,Tinggi,Tinggi,100.0,A
0,2,5,0,0,65,76,75,Sedang,Sedang,Sedang,72.0,C
1,3,4,1,1,72,57,58,Sedang,Rendah,Rendah,62.333333333333336,C
0,3,4,1,1,62,70,72,Sedang,Sedang,Sedang,68.0,C
1,0,5,1,0,66,68,64,Sedang,Sedang,Sedang,66.0,C
1,2,4,1,1,63,63,60,Sedang,Rendah,Rendah,62.0,C
0,4,0,1,1,68,76,67,Sedang,Sedang,Sedang,70.33333333333333,C
0,1,1,1,1,75,84,80,Tinggi,Tinggi,Tinggi,79.66666666666667,B
0,3,1,1,1,89,100,100,Tinggi,Tinggi,Tinggi,96.33333333333333,A
1,2,5,1,0,78,72,69,Tinggi,Sedang,Sedang,73.0,C
0,0,2,0,0,53,50,60,Rendah,Rendah,Rendah,54.333333333333336,D
0,3,4,0,1,49,65,61,Rendah,Sedang,Rendah,58.333333333333336,D
0,0,4,1,1,54,63,67,Rendah,Rendah,Sedang,61.333333333333336,C
0,2,4,1,0,64,82,77,Sedang,Tinggi,Tinggi,74.33333333333333,C
1,1,4,0,0,60,62,60,Rendah,Rendah,Rendah,60.666666666666664,C
1,2,0,1,1,62,65,58,Sedang,Sedang,Rendah,61.666666666666664,C
1,3,2,1,0,55,41,48,Rendah,Rendah,Rendah,48.0,E
0,2,0,1,1,91,95,94,Tinggi,Tinggi,Tinggi,93.33333333333333,A
1,3,5,1,1,81,78,78,Tinggi,Tinggi,Tinggi,79.0,B
1,1,5,1,0,79,85,86,Tinggi,Tinggi,Tinggi,83.33333333333333,B
0,0,4,1,0,78,87,91,Tinggi,Tinggi,Tinggi,85.33333333333333,A
0,2,5,1,1,74,75,82,Tinggi,Sedang,Tinggi,77.0,B
1,0,2,1,1,57,51,54,Rendah,Rendah,Rendah,54.0,D
0,2,0,1,1,40,59,51,Rendah,Rendah,Rendah,50.0,D
1,4,5,1,0,81,75,76,Tinggi,Sedang,Tinggi,77.33333333333333,B
0,0,5,0,1,44,45,45,Rendah,Rendah,Rendah,44.666666666666664,E
0,3,4,0,0,67,86,83,Sedang,Tinggi,Tinggi,78.66666666666667,B
1,4,2,0,0,86,81,75,Tinggi,Tinggi,Sedang,80.66666666666667,B
0,1,5,1,0,65,82,78,Sedang,Tinggi,Tinggi,75.0,B
0,3,0,0,1,55,76,76,Rendah,Sedang,Tinggi,69.0,C
0,3,1,0,1,62,72,74,Sedang,Sedang,Sedang,69.33333333333333,C
1,0,2,1,1,63,63,62,Sedang,Rendah,Rendah,62.666666666666664,C
0,4,3,1,0,88,99,95,Tinggi,Tinggi,Tinggi,94.0,A
1,2,2,0,1,62,55,55,Sedang,Rendah,Rendah,57.333333333333336,D
0,2,2,0,0,59,71,65,Rendah,Sedang,Sedang,65.0,C
0,3,4,1,0,68,78,77,Sedang,Tinggi,Tinggi,74.33333333333333,C
0,3,4,0,1,77,86,86,Tinggi,Tinggi,Tinggi,83.0,B
